{
  "installed": {
    "client_id": "831255554210-p0s8ooqe05stkqqqvqp2gj8loaqn2vc7.apps.googleusercontent.com",
    "project_id": "brothers-franqueados",
    "auth_uri": "https://accounts.google.com/o/oauth2/auth",
    "token_uri": "https://oauth2.googleapis.com/token",
    "auth_provider_x509_cert_url": "https://www.googleapis.com/oauth2/v1/certs",
    "client_secret": "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",
    "redirect_uris": [ "urn:ietf:wg:oauth:2.0:oob", "http://localhost" ]
  }
}